nasty,nice,classical,silence
3.28991583992043,1.30035651369476,0.681232287042075,0.527136704502599
1.17990439537846,0.987211666808011,0.896653999471707,0.666796289124624
3.26770876711599,0.311137183608447,1.43746527616785,0.408145822398217
2.89615098361292,0.611996086772885,0.482446791701439,0.690947168386798
3.14934441111028,0.42417645345375,1.47512095632477,0.31521638812531
1.11258568001054,1.7960973192157,0.707348953573511,0.201562204081994
4.43403681778636,0.685915575659285,0.223945960508569,1.2720214757698
0.149544142385841,1.08006089536987,0.614974007386696,0.253902807517617
3.22239886143739,2.14411126732073,0.376940260927921,0.490723265217715
3.07675897628269,0.28778875233199,0.597074083950513,0.15886515226664
1.55515446361177,1.03209306956347,0.327057854710128,0.395329292036587
0.81753652636245,0.946368529706529,0.0122053702121565,0.136290015137574
4.3481053276504,2.16319086081127,0.271994983681813,0.660491756723391
0.486410514075209,0.323285273423844,0.305581529689162,0.150265677190122
4.22528415705991,0.498690083782853,0.928448532965735,0.625130334447301
0.110485006340314,0.722637476889276,0.789994777978349,0.128385585505875
1.97741067553643,1.17551916915295,1.57536944975107,0.405019486815333
2.44967294139777,0.862302766272513,0.124090903115965,1.31238141798197
5.84823628752863,1.00753858125145,0.301263920278873,0.335880569653964
1.97669654623851,1.03073977356639,0.936164752088051,0.565139215648591
2.20253507842985,0.543101460750719,0.624114917063255,0.352251749835723
1.67759867004916,0.116309117154396,3.03911246507532,0.362567488713805
1.02482045869111,0.103340577433294,1.10928641937897,0.249710173344294
1.41688412503778,2.20966670470144,0.250581017451797,0.494295004799965
0.733177596384143,0.854277111260679,0.608455975000294,0.396519118277413
3.43058293624967,0.564263905348309,0.692866173441246,0.900357089970448
4.409399063633,0.569000870027179,0.927077166085727,0.546947180648488
0.237732842092065,0.0808910461732666,0.386172878559653,0.259215389823959
4.01740368074766,1.31567030201403,0.257985734426791,0.234225678191367
3.07678246473883,1.5105251146865,0.350096153184151,0.862159528018383
1.48943896736499,1.07301383831964,0.978319438439768,0.890293811824915
4.96087657461066,1.10296367736328,0.614930172309422,0.529136174785669
0.533720732802982,1.19117187288999,0.0820900882448762,0.659154328994732
1.20841610113976,0.366146466717537,0.414426041054159,0.232893605161567
2.29796387272254,2.08190278639797,0.619688045824028,0.5242594216266
0.607254091250875,0.382076288919696,0.146318988025103,0.16325809158692
2.92715087002806,1.261274975642,1.03984138391209,0.299066714957536
0.761087309805564,1.75328541145431,0.217722188461977,0.0803011064513657
1.67707062638128,0.254093928131984,0.337026463132745,0.588373766110538
1.77867412049644,0.750496284109604,0.974967826815168,0.286415314376823
0.674667577796693,0.726618009203939,0.0620507222551678,0.0485316747601664
0.988944659723435,0.767367413293138,1.2358509637259,0.70416002359467
1.51680734404582,2.23805677779806,0.111655688226308,0.297936010982643
1.64470887474843,1.0627512327017,0.267681156881018,0.403239170944575
0.658826107068685,0.410326570087974,0.697808653920756,0.368084551305607
2.59556017197467,3.53024715507394,0.237297254564149,1.23392148815426
1.21514828892096,0.657611954217398,0.463651438322694,0.190279302936628
2.27339107903252,2.73713398276944,0.463826009521985,0.573577589718548
0.892601078540077,0.401335774216284,0.334044381496807,0.167311524520414
2.17717028976103,0.554113968144046,1.34199270579979,0.572229947592901
0.383678089120918,1.447213595125,0.486239468713994,0.697352245006934
1.36343998621733,2.62976083650272,0.520164894894712,1.05232355708368
1.06816939400668,1.91260081790425,0.701149035287639,0.577659551101777
1.02867096777843,2.03462904572124,0.741246364768681,0.00973578463826916
2.68729610296801,0.265866014821869,0.669734542362658,0.238082149960352
2.17413251803829,0.303141046820805,0.405126488960237,0.397097927779437
3.01102211547116,0.715806072720518,1.25922046160638,0.412704477952343
1.22802537110557,0.555575356867606,0.702934034782738,0.275223148731632
2.81921604175938,0.998311257506641,0.729598360990505,0.253453771349005
1.18337346545497,1.04249370366609,0.614330516051347,0.417001962488355
2.77156860607236,0.443494639046128,0.537002056917744,0.588314105579868
1.64773546744318,0.904153751905759,1.11700236634904,0.075476181534406
0.911079895100832,0.359991311349519,0.394392938074044,0.173745506732263
2.2572731016336,0.858920956519004,1.53666597342501,0.208023525008541
0.662941619371095,0.897239790987098,1.11059080396258,0.112943130024856
0.359209513209069,0.367160665359963,0.147355075117307,0.720156884951828
1.58356925743554,1.85620741775859,0.427575638368207,1.6860061458494
4.61789452758146,0.541466626382135,0.239848065296823,0.48881980438792
1.92418950405723,1.31578090548351,0.361343713903768,0.240914445311461
2.32163128127655,1.58626298863593,0.24511301572197,0.688958331208582
1.2578928410257,1.10205764539976,0.136960145393034,1.64745090748927
2.44281981015232,1.93318458592571,0.537022958366018,0.232723068675636
1.21346556747241,3.28934153089463,0.625180834904721,0.190533716693844
1.53410892569311,1.08008066367235,1.2258271110426,0.195251310969636
1.25956268983205,0.31250745113614,0.496640381689582,0.13288919539441
1.37765396913769,3.3835518630437,0.84773805820692,0.198574134097535
0.893805370161398,0.454355986631735,1.25572690786003,0.100116996215022
4.8958071582401,0.250522295813141,0.482779826839119,0.721960682236418
2.96021840873895,0.615510959480136,0.672368810189854,0.44679506188142
1.34294118414174,1.67996482896713,0.288265930045637,0.238101394931889
2.00050801050577,0.808651076390867,0.448489172860382,0.618069948937638
1.80138157933252,1.56121098980634,0.503019797972442,0.839716307016177
1.88744919668274,1.3617318287383,0.188167598345918,0.357019570413939
2.65227645683965,0.88780129407104,0.313284656600997,1.38771826652504
2.17912100193088,0.653322947282789,0.303239654485068,0.891656007323918
1.52787739582455,0.783622156572257,0.489999225794607,0.136289787728058
1.4020150662726,0.821457339643308,0.254268832640991,0.560825711791976
0.330133140927493,1.79578263396038,1.51543605009033,1.01011608712995
3.17144000282546,0.860752480332814,0.322848235186062,0.32789224080327
2.60830313299865,0.449811062101618,0.348032884899887,0.25123609588886
0.779336149405111,0.47338768895243,0.743741813585108,0.780825645702265
2.27687784032096,0.598313017557306,1.94447070085526,0.400233151860325
0.47119631547875,0.5693495349517,1.68953947612377,0.220554707960384
2.62243412693914,1.80486349696491,0.87740177238214,0.945331872281746
0.634604375994538,1.52926341267263,0.506082639124584,0.0532933186231739
2.26719801487876,0.553118583528835,0.655717615283565,0.557987551708498
3.8999623747087,0.234743392100751,0.0521587894066061,0.44741448417351
1.27267460347561,0.789426274153797,2.24527102098233,1.17148158673215
2.23200649425774,1.35152549802077,1.28741215919637,0.293115434141851
0.989221632581787,0.403127064195069,0.309172498512284,0.342794854381553
1.76695306572088,1.35407770100108,0.0545657373161795,0.583912499969952
1.36641133491635,1.9174847956916,0.255749610262926,0.289899367105814
0.867358682172336,1.49471988161631,0.700278431221948,0.25598741619331
1.42709030937566,0.621698412250006,0.358614826864782,0.427145864874665
2.50802443512409,2.11053761348522,0.676750094460305,0.624303497408917
1.25153502903539,0.377295848874436,0.839161765157501,0.280451393264656
5.00856291761126,1.3941319205166,1.25478347310495,1.12402325368553
1.18695369169828,0.135741031121426,0.579040440483488,0.259851132147303
0.635988793995964,2.71321473106307,0.56592382429887,0.455517876180236
1.5677118983747,0.539562993575014,0.257137371129077,0.245318430643946
0.117066823857021,1.841472925182,0.429536564013782,0.38366426350152
0.348150292862919,0.337986069348755,0.691771913849222,0.184436847825723
0.383152862826304,1.02691474824232,0.990603604621897,0.117389448567192
1.12790268018228,0.530381751538395,0.137860669706812,0.178705202914939
1.67488756098379,0.395687709066222,0.119265596745619,0.319682972863774
1.38012008097702,2.74384281319276,0.414108011718723,0.0540958356221575
1.41156946613045,1.1014882494367,0.181115822809045,0.462062456806347
4.94861109316033,0.313337836504742,1.13200478071491,0.253825608311613
1.62987160987974,2.68890526035437,0.852889567737625,0.342615934854981
3.91850641687912,0.488711699495755,0.44197104409497,0.135907000799981
2.85085066193848,0.658426934228323,0.0604039127382742,0.143691000845418
0.758269643729866,0.301049171520008,0.415072806743226,0.236108535378096
3.07906240992172,0.492608034592532,1.35530156088924,0.295324779968797
0.28589794504232,0.424644704018182,0.620933549863585,0.131107782670698
4.53861968691137,0.782836132556486,0.840243351949235,0.193977367060419
3.12494843920811,0.620770019498539,1.4477150242961,0.8422073881297
5.35304761642936,0.849064077406776,0.764071554188515,0.280155087981206
4.58500445606614,2.16435160654872,0.629500565390555,0.377149043332364
2.20270893279772,2.58687262785805,0.702781854313173,1.00788168979915
3.39283712410473,1.53991085934617,0.303910724912137,0.304680480372791
0.338237985708287,0.88460080114082,0.563195172740762,0.112515251635555
0.793140484656326,0.80887563948759,0.260121242682901,0.662377698956557
3.18749862436005,0.443211236511055,0.338056439804372,0.736127798818614
1.28956886847992,1.98279302373086,0.875289685870099,0.507109582529047
0.727343475142758,4.15750663259562,0.547130845425835,0.987490602060943
1.95445668705038,0.608363536265429,0.525286174034332,0.121427538095485
2.09518599810272,2.59174910265295,0.570092568615769,0.666468031681214
0.811218178533222,1.33430211888573,0.143024931401373,0.120287751418923
0.826109483083379,1.26095861549615,0.145374792147854,0.548863909798768
0.911201769293223,1.29817859831955,0.482784627929297,0.0651111003292346
1.30897242343325,1.03599537837729,0.341460061400204,0.164555967029481
0.374545730914102,0.37032312519817,0.575256335674473,0.755803115932232
2.72208197322593,1.42717589520863,0.620020166760525,0.456277908300712
3.57783467142888,1.78258280615632,0.298357623386409,1.36592460496122
1.9449967322578,0.761849635105468,0.464214443597553,0.447250860656759
0.800917286688741,1.36119612565821,1.04330830519907,1.37355946129879
1.01822488239646,0.644003027294926,0.40612255888444,0.492710526377853
1.23509097461742,0.916959546299156,0.606986171223843,0.441213484471135
2.35658591868021,0.501482307151432,0.543188724992842,0.281189831074343
0.659404501065751,0.982227843830275,0.546929326191857,0.351534392424385
0.562543703054654,1.77511849823931,0.0777814966462104,0.977896858177967
1.59333861217094,1.91339356151669,0.517950805854286,0.244614680255158
6.56074521249817,0.237871214805433,0.376027405462289,0.0718008894197647
1.69589051907187,1.49949282136538,0.811635710655093,0.50652382922677
2.65867283895323,0.240813039781094,1.7129153685611,0.877021219482936
1.85088643531664,0.106274611738227,0.388337198260795,0.147176994183764
4.43197097271199,1.74490007225075,0.212244945124097,0.267227128090077
0.805549625722729,0.822347641203976,0.346755676343578,0.674798189406909
2.02888846268861,0.732105404386226,0.919162296780153,0.105030012734477
1.1430737314871,1.43559153090987,0.143862638181173,0.733093990438872
0.426615147600054,1.09682663872036,0.556261347837631,0.47702676753666
0.769997781231644,1.2157819305841,0.182811130504114,0.202822435839424
1.83400789034086,1.37935707729615,0.787176912552627,0.700542273127905
2.15744075146103,0.67307333805433,0.659781158787159,0.620121626468793
2.06817207516125,3.23972363741665,1.03361805327913,0.522305779445732
3.4677529019796,0.299244058698432,0.155048860305426,0.666964387783554
1.90559476581014,0.856769864378627,1.01467351017133,0.215361497303405
1.31629568491489,1.01500360872952,0.734709898060811,0.190401843664345
6.14336132722961,0.459784404396952,1.94975819216927,0.475076401411418
3.25954428746022,0.167069799221758,0.685233331349317,0.666231720428057
1.02281887743911,2.03177754459978,2.07777177393647,0.686688554897161
6.29470629272323,0.381659991383913,0.241665214186142,0.309663270822852
0.21190603322618,1.44178233857534,0.161263094471648,0.63862816583686
2.48117622086209,0.746896092203634,0.528359470908192,0.0977552402521669
0.916084710452295,0.7462259704453,1.30596364397215,0.677831788358126
4.58266830351552,0.324581010861042,1.21404752078387,0.353291177931146
0.536185359860317,2.11300986339835,0.294664378960413,0.767491612023698
2.76770199159064,1.15211114526743,0.36401225822024,0.475495136550962
3.08277774940325,0.420555019327729,0.269265296945415,0.933579268257644
0.50603755394634,1.95073987805854,0.860609594779139,0.797158054400261
1.23106088590993,1.01964091611844,0.841773815930863,0.646892469871938
6.40816827982299,0.6996394620865,0.34911603572443,1.54598754335426
1.26143178420307,0.930771241728506,0.382188257555486,0.168475358523181
2.17635764834812,1.54292258044902,0.440197681931212,0.317105109352108
4.01047165947339,1.57548459804192,0.623347412819448,0.141330872305426
0.836702858215455,0.528522884063734,0.989209515923202,0.298100912991367
2.86136914404352,1.17796150666404,0.167976416717495,0.30466697669455
1.9003282996189,0.672368272547594,0.745831724777759,0.606894664582391
1.62394239867726,0.409195571129417,0.727024002246144,0.908328792284662
0.823792354052061,0.983487052481747,1.05172179001665,0.106954099101999
0.446396189612567,0.632984067716695,1.51488982846064,0.815207258547597
2.45640428253551,0.256473489397106,0.345117642354583,0.27083652294874
2.74381431258745,1.53723586167932,0.587244256808953,0.476162322674444
1.72183145052476,0.137641288466776,0.238663202168496,0.32522730932998
1.5956098160762,1.17265096977981,0.609150744061003,0.288170490502001
2.20298864300091,0.769934681425884,0.446828890736829,0.498033476821296
0.861311246086506,0.599387142728085,0.357857349318664,0.666688619900123
3.22363200348859,0.236790590946116,0.692786765952893,0.485615219465744
1.75156724686181,2.14574747649343,0.60501256868285,1.19673645486938
1.27242533187824,1.02141272878387,2.12136122732521,0.612083029477952
2.59620319802,0.521261989977398,1.6131014113658,0.432686129586608
1.40902627988952,1.25224348924636,0.825727274706379,0.446107360331492
2.59223707236107,0.781304232596395,0.130556686179187,0.232248333784337
4.13110355662094,2.07883883739869,0.300127079330842,0.415681184286027
0.316086818524586,0.938595272710166,0.0511196575516767,0.243953549597048
1.34285975509919,1.76334982450248,0.91946840126094,0.0760318741686852
2.25337993997358,0.419583021917544,0.769935648687076,1.5464318803605
1.25730598574544,0.505579511140557,0.131412459483071,0.299299370955085
1.6428527716981,0.32229947170058,0.222186719706039,0.318882492471797
0.613561891921723,2.53281323682534,0.244598617521123,0.397535857666234
0.577439539685911,1.18343307576617,0.750255927499564,0.149769491631877
0.821889733858329,0.181096328619157,0.615716245672769,0.142088392380387
0.211508453577741,0.880258204726077,0.979418219131766,0.556831043749233
1.29819130914321,0.195915981497608,0.149283899918407,1.51614916085562
2.04304721230974,0.697397772520714,0.291766475954754,0.368340772022659
0.699528339453939,2.75726301585423,0.183431211094624,0.328078887121794
2.95729195626927,1.13397215245698,0.52361591061693,0.478152247724903
1.72189719221818,1.58764195575181,1.29876819924798,0.395751704074977
1.58662737570123,0.247376940498343,1.27776710361516,0.587836008314836
6.12287778289236,1.48695207880157,0.191718609646774,0.261181534499557
2.91560103331109,1.31539486952172,0.547814539426854,0.591971315487144
1.86684352059543,0.558931169667365,0.852262779000974,0.224806530298051
0.0703001994299932,0.178725727505679,1.03536512128747,1.44870718116231
1.29006176381259,1.22689180471165,1.32031892507481,0.925763309740284
1.47165269019429,0.856392144015948,0.621421141820292,0.786158330150131
3.1516054015204,2.56920692564521,0.90311611152285,0.0487891857155708
2.97491490214923,1.46999682753043,0.675158947397591,0.820010003024325
3.37370593317104,0.253020181898346,0.391848650471397,0.157449577284732
0.868490319734841,0.373148511808785,1.07075013232835,0.861057577604632
4.11517079182983,0.556965323681205,1.37397580438921,0.254555161064742
3.69262417511774,1.63951796795896,0.888235440613648,0.0929501256305536
0.881256515278464,0.434980885393798,0.897960285981447,0.359038746717238
2.96170295592326,0.531303482579429,0.187671603468118,1.16187209720345
0.322102875534493,0.371301841991673,0.275124339988329,0.29196601301669
0.754004644625198,0.581431971168146,0.670094802266626,0.208211496797139
0.405390491467281,2.88509074922067,0.172749162713968,0.287367428387325
1.67343231159489,1.06627993489722,1.22391040761618,1.19676860247772
3.58465902337933,1.62228754817021,0.977344398464982,0.263138929904082
3.48564475565863,0.505584949474103,0.838517948351465,0.0893517051101779
0.248773433783028,0.537478567100554,2.51219564992664,0.889582723436709
2.91696362635938,0.184284889859748,0.501048372411451,0.798964271576115
1.40697181034612,0.361769529698725,0.321239307228814,0.134402811978093
0.15008349421725,0.878841280584217,0.773408915768886,0.48292917120714
2.56357220668763,1.16781228285899,1.15491495621741,0.270696578266752
0.629912326688116,2.06829310988642,0.268576372253402,0.631676107547229
4.24443780675372,1.21748307287917,0.703132979371782,0.535550584051135
1.56924564281332,0.826943289655591,0.930285669637872,0.111360861883156
0.3655585186388,1.0731418798033,0.548600503567357,1.06705434970771
1.4459938125937,0.699192547411765,1.46311624662058,0.103570416943341
0.556062868557147,0.177596669842773,1.71473398469489,0.748476077150094
2.05956089284328,0.990466673083346,0.683921980733028,1.36049805983126
7.90472392963898,1.24888111151162,0.701234394680599,0.280751709359321
1.23963134823612,1.79595755223286,0.573044265373051,0.210005883166696
1.69250200272939,1.17647155879927,0.0664384789680001,0.251063672496472
1.09590045492293,2.26447144845198,1.09608612026867,0.24899951043441
4.51343909571748,1.23354603875525,0.825404988719083,0.026233991143672
0.900202040423355,0.42780548786789,1.08729223570089,0.224491676895241
2.30622629508664,1.16550689547258,0.161426713408818,0.378445650196944
2.99030339465258,1.37716521091848,0.911041046224472,0.140152244850255
5.90963552869709,1.23966321838567,1.31576676296565,0.0330777491704926
1.1737366437476,1.78736233867525,0.413914130895515,0.806967591168298
3.22681249066715,2.26034012492216,0.202100389585973,0.791271464897565
3.57698481131888,0.614416203892174,0.501709040821358,0.605763156607827
3.32075641697447,0.283288127719746,0.738154274200127,0.120373370754461
0.323060458592829,0.223317188094038,0.423683707173895,0.454430515033669
2.8058511840516,0.209953389988686,1.17328983632986,0.127032843944608
0.5788541256846,0.316048225263024,0.484342935045957,0.109399525164045
0.256591651283241,0.737468121565223,0.449115930538015,0.852361082279759
2.36323331715971,0.651879380983439,1.34254880112906,0.65201434122197
2.03742898179739,0.54865614576555,0.161668700172305,0.360350261282841
3.01439250665011,0.103038159600878,0.249733375851365,0.59456509451415
2.30337442891766,0.110741556639417,0.576529438513981,1.00501712253657
0.802489753701688,0.646704455551365,0.350418778635425,0.286441719154716
1.90461820291567,1.5945039998691,1.06430374298423,1.38438067129803
2.42823366964919,0.283566286731775,0.498364684527278,0.256312444013779
1.61480717858211,0.94555838805282,0.636382104793845,0.975381489971815
1.24347737582381,1.4537775947966,0.999132529097448,0.392452808625669
4.86663258369008,0.48643011025918,0.400336564019059,0.165979109125552
0.895164080576701,0.165633293689804,0.566756938554316,0.207395851627828
6.41731213321207,0.665070522870443,0.567713640084978,0.24705384096574
1.58332875590906,2.09298154037677,0.766480458437794,1.66899912942347
1.70352925375758,0.108718492610229,0.380949112017179,0.493987626686703
1.93124873791151,1.21357656892982,0.385456669592228,0.255242695359379
2.78209290745597,0.779276186170042,1.05773901113684,0.432818394974654
1.82439021069439,0.573356392010107,1.25093554847629,0.231098094143395
2.09215700189802,0.640595139066369,2.64552819100365,0.619615597489167
0.805343813520242,2.55179070584893,0.327436326424607,0.205827218468192
0.551172159571052,1.43778431099169,1.23229303993902,0.804430986714367
2.48261537547782,1.47627029326444,0.228248366892114,0.281134219410059
2.81090404952389,0.623205979746971,1.00611163054567,0.509390560465266
2.09228221894864,1.50462427901853,0.581372186758392,0.727536587688985
0.878675228448532,0.682400217313013,0.59557641415039,1.31932689353947
1.13626535824783,0.246242986063924,0.587172260946075,0.391898852776845
3.41101408838188,1.15099690205054,0.758344479869861,0.404754729181989
0.788365759785376,0.863793309786815,0.882230672070161,0.0895603016953613
1.64887870590622,0.449940622551426,0.135753962085497,0.392720597451905
1.30708174595942,0.206144968955837,0.894689142695359,0.302372098248231
2.11127279711721,0.410255658868874,0.361625016266439,0.37183279312257
3.4746178759836,0.880992640695321,0.991991846875653,0.679138495705784
4.24161646107451,1.65706468915702,0.745407703757575,0.194306181421667
1.38451234922878,0.815961523413892,0.926324643301737,0.311228629902168
1.61434231290862,0.556528867950092,0.576754593502241,0.377614551870117
1.26903180542675,1.05299383226081,0.481788693211109,0.81751150860104
0.71830241611528,0.433223825475581,0.508886680461972,0.134228101375336
2.21083800180044,0.995425070835483,0.621667207280973,0.435208782094198
0.427922962621905,0.78673050866901,0.950527822798798,0.344634282473717
0.596616411758661,0.105156665858005,0.181786701534921,0.303325252117941
3.06999937024803,1.61671646138717,0.470776618309561,0.309224057672433
2.38171813079648,0.71224894577338,0.84239272499775,0.0625550001062175
1.20502523178985,0.730868837702069,0.56199173542547,1.04274525569786
2.69099183556801,0.65807297138088,0.366938214508952,0.249283192924667
0.815504824462607,0.652855922909931,0.434921772374379,0.474154983177025
1.30961519479361,1.55367981352724,0.65728208115681,0.373050616479884
0.986882002997486,0.494973629124428,0.238903696120111,0.364259093737972
0.909991612919621,0.72266841510247,0.65351870978846,0.597688564015642
4.67776688376468,1.43540376072557,0.242873679065393,0.413107380648317
6.05270264904674,0.215830518953899,0.236327680547084,0.0383670058759113
2.67267568091205,0.560202591123679,0.129738832992401,0.466303595714371
3.25931933010081,0.763016539365138,0.581045453945997,0.84882805160095
0.0752904260859539,1.81199314595558,0.293683189559463,0.345946753670704
1.61923535100887,1.39618748830183,0.82149144566968,0.25792311866175
5.96734962805689,0.999255007056576,0.138531473556479,0.484186333679905
2.02816883077802,0.671825008658399,1.46429358636946,0.731109843482932
1.29586279464661,0.152096844897622,0.60499831926591,0.174049767088312
3.08188607285219,1.1010487054841,1.0122305079268,0.309242354094367
0.970903582857002,1.11991616250878,1.31406393602234,0.562426256330373
0.398188033149295,0.131030216232716,0.917740049093017,0.133141274949006
2.51126228740575,1.84979251380222,0.503574912881256,0.30789938565684
1.47909832774241,0.534462443979639,0.161824240697968,0.125620066959646
0.603340277312746,0.402977724151453,0.109360230187426,0.802350611765002
1.52044775962384,0.340954402663972,0.837689757170918,0.262119940604901
1.95497394243439,0.69714515481012,0.697173338664498,0.248059565863825
0.804586188745096,0.442577965902924,0.259799948813355,0.581494437978279
6.16536782091557,0.598706321121348,0.541220871265752,0.548438548658162
3.95857056319728,0.613594832816824,2.04775678119975,0.440997084213606
4.89746767220519,0.686231417753461,0.0316063438205128,0.357572810656651
0.424703913608975,0.179450739358923,0.940099094752494,0.314832414067643
0.448868319257161,0.598411104035508,0.319478180806567,0.664134357932111
1.94785365397887,0.50625801377737,0.424782843990797,0.126562532414846
1.206522366331,1.03392093837348,0.828297265671029,0.183533162200597
0.615438199516565,1.40961305480716,0.348298721942979,0.0533646106926811
0.422570986280262,0.615445179546009,1.5673473658845,0.624826940635814
1.49734912696725,2.86424275919466,0.769217722462561,0.287830305715647
4.18747408895254,0.287029475968305,0.276134944884813,0.155947457210829
2.8976520554036,0.291272606802307,0.267281014371269,0.391459002282526
1.74678988340443,0.56070436527151,1.01359018218398,0.501516152952843
0.600849127380678,1.34482136598221,0.854398500545439,0.0808871062043312
0.993200557549429,0.838929545427168,1.54345586964587,1.31896413110386
1.50322487320812,0.846022047220018,1.10026842378165,0.616853191827784
0.669692155510987,1.81338031311482,0.157994424430833,0.160603173391132
1.76102730238891,0.453618511480581,0.457496864973041,0.222927858765507
1.7992464803752,0.903570125507447,0.133106440572128,0.380111303845434
3.28629734897041,1.34530016516945,1.10635283205677,0.403564465930363
2.59275472914102,0.175831518463866,0.628449575119031,0.586807203466106
1.44393486084429,2.60873797551334,0.413391952104746,0.175606774363579
0.602022915586926,0.174856207107616,0.696715940290096,0.1778832466944
2.52115201599129,1.19076698842128,1.05275662505991,0.494285446275202
0.184008065083581,0.417232699515621,0.115631183358426,0.0704904272490927
2.86742138563401,0.762427173361569,1.02352698514782,0.67703075376477
2.58352886830234,0.52339112117025,0.655877727267721,0.198524033682886
0.159466796393456,1.75593879096518,0.860838878288725,0.295543105910388
2.671539099145,0.48006481475152,0.316194299154352,1.95779918408372
1.06422326905822,1.1694890507124,0.272266877254278,0.575170464134241
1.24390360268098,0.967356393595482,0.380615423785359,0.161117464810063
2.26367087443542,0.506510088179722,0.759901928447204,0.878579029681791
0.44369435394245,0.886971186410713,0.461759272102842,0.56047380819901
1.00611969231315,0.937160049358214,0.193467081863372,0.0300718949719024
0.444309559697053,0.825639293600131,0.595100698536896,0.714570442125182
2.56905646238704,0.895570238468804,1.06140521475766,0.532955805898637
0.905040377394848,0.547219849598533,0.370779461982805,0.192820668995056
2.29439370927687,0.45681109447688,1.07934502244298,0.677158499380968
0.171210976018804,1.00088802007614,0.69312028796789,0.943944746433014
1.11071287034268,0.711251820632517,0.523272494127259,0.446203801669212
3.82767615692022,0.671720674704553,0.57846652622955,1.49056096284112
0.504780537121923,0.376810343582981,0.614168753461481,0.137385397099277
1.79941216623426,2.33154008056401,0.530317431522057,0.427495158549816
3.44695887777994,0.474997167146337,0.272915612901638,0.741430869251911
2.27249178199147,2.32506432941612,0.240353930226768,0.530996904082488
0.606560690323681,0.666209991975109,0.389290797916077,0.295204440454247
5.07367215450772,0.208553874583573,0.772624749504216,0.196262533678212
0.950916543341113,0.406288863284517,0.54385914261478,0.230010158748037
2.11440154263078,2.05418853055095,0.69080562935964,0.0261304309771186
1.70512140081373,1.34117220512968,0.852928257235926,1.2036623842171
1.57343885945742,0.297252661936451,0.306102222610183,0.0513053352684111
5.42584453566691,0.657020833660851,0.620449473352253,0.367924846561161
0.378378804497311,0.779736608491509,1.19293410949518,0.581229830811379
5.03747617602909,0.93938974484575,0.215507351582705,1.35551819051645
1.84995697814436,1.4767028679209,0.854596141924189,0.65639685253124
3.13359818401399,0.987662102198599,0.0495243230727575,0.200645261687677
2.10690433183496,0.483562899326959,0.806477443006664,0.302245954223556
1.35256081843577,0.740153002921888,0.405873406991973,0.454992408803407
2.00170357968917,0.784399005255854,1.28104901001493,1.08862213812097
0.779804968061381,0.72853815221227,0.38619608086124,1.01768228454132
1.80053231695454,0.586863690773503,0.601406704603028,0.374898687681757
1.94705782717794,0.276089725859491,1.10977972459556,0.282653600995999
0.462444153573361,0.805892764264232,1.07249606464598,0.0641139222263467
5.98636514931978,0.381783706681519,0.176018806164876,0.227644559353216
3.34207293712247,0.437937407198186,0.356480528022604,0.674816727708318
1.17992147041299,0.822634081865939,1.59512231978936,0.406610487604032
2.86502850018687,0.497251332427155,0.362232247322864,0.0810183713888865
5.21886754199769,0.473149839766547,0.548671149262333,0.309144927237972
1.83235282303154,0.805496254991513,0.655656123000892,0.312690800897695
4.95470073678214,2.21156746702427,0.739191423328532,0.891973466712094
1.5379846375181,0.875249988173895,1.27194287963064,0.661139538749568
2.1112897082754,1.05507273180621,0.29546884476658,0.578859909086262
0.214077648453195,0.805893748460347,1.06210076256027,1.50047504374667
3.79417068254976,1.30833376184019,0.255184759286217,0.727192945512164
4.96486339685315,0.566207254577792,1.07055249138004,0.339418527229895
3.84167255681742,1.98541958287502,0.11190900445698,0.470519447108434
0.234530056779238,0.775392224882703,0.419394929009036,0.532814749944881
1.85722083389379,1.7138348141538,0.230887824839567,0.417498261071578
3.59358529052844,1.14309579324284,0.29655883618526,0.514750024588372
1.96356453183912,2.68741408192184,0.792520681539927,0.269966761599092
2.67871458547536,0.50156245329029,0.588109342435968,0.632300491283434
2.35919207403235,0.823250158708553,0.181423550903812,0.100365899297125
0.923167318909146,0.467063380804961,0.502908392473082,0.460477596967598
2.96435641054943,0.384812777592712,1.27964912503278,0.674040774601673
1.78329236167196,1.08960257606415,1.27009834544101,2.01413946332856
0.801454071817957,1.25263369379904,0.681446106419,0.62062912894677
6.31458785629799,1.41057024645482,0.485988706105823,0.281354864259953
5.8569659790657,0.691825848510335,0.824233370589879,0.592323172206342
1.61216393269141,0.621030444529179,0.753385668252347,0.505143220548167
0.994791550058807,4.13958731578328,0.222667929326999,0.292955677937406
2.3455269879946,0.691311378646237,1.10606845751219,0.0917144981475275
5.9681349190709,1.94887337524637,0.293031639916766,1.49118597862961
0.708113984621312,0.778875053120372,0.31160391314593,0.227464138796538
4.99955370686369,0.743617358387819,0.21595962814533,1.64027725519599
2.22212953228451,0.97726724664557,1.27797270626716,0.57174336206607
1.3734025353787,1.17389927794819,0.897720448121714,1.03299417586193
2.02624116049444,1.74548861432494,0.163649840409586,0.226356234776567
0.216462707577876,1.23966120911741,0.866147583648147,0.752952006877497
2.88513277583493,0.562690734897761,0.221997550342,0.616346882514178
1.58030551468882,0.166610460879948,0.651836811496308,0.931762355866525
2.29539872988606,0.595333306968355,1.35955565105421,0.247386700075414
1.44542875762287,0.462791818585674,0.332753879149887,0.202326019275934
3.36547946692041,0.0617166612876875,0.425820814026917,0.165315252800196
0.894769513775636,3.8271800307683,0.687755095103138,0.151928210670698
1.70662223853171,0.341675797082951,0.648917913704247,0.223833973537428
1.0776900572483,0.346935030834694,0.247539331149457,1.73456883143262
1.15333737763894,1.21524300088989,1.06733694850358,0.817240404457961
0.277305835129961,3.33049704162686,0.316502874635792,0.591201647965917
2.07389187302675,0.38242951932785,0.398169691102774,0.677477903011981
0.585924449647834,0.644680250053372,0.212798939239328,1.14170751461565
3.65634172584911,1.0896296267343,0.362390137401149,0.677990911278111
1.07834991281677,1.24532295766898,0.222026868197118,1.46354484823765
1.03194240997693,1.26290432096817,0.293357477154183,0.4205169348868
1.19002353146764,2.25265033644786,0.420079582928908,0.0692854544949496
3.48729529877496,1.80795428831228,0.790284876603512,0.381421423511893
0.176790025642746,0.183939493183284,1.71348819885846,0.135936745699631
0.640254540863006,2.5665617062886,1.00942038638229,0.36555084048324
0.608754169785197,1.17121503112259,0.521870511157842,0.151464776736199
1.2079934285395,1.20166809623549,0.563209366666361,0.813348306043019
0.684868520716223,1.18695949818473,0.133123189575592,0.214101978466738
2.33982880924668,0.290583685228418,0.607253875384001,0.188174705520976
1.93582427662723,2.1785165867038,0.460109798982683,0.698464705539213
2.12687113613544,0.584358679468387,0.543697363596036,1.10818101415725
3.73719584630621,0.633304010366034,0.428009871415661,0.969582775550971
1.71399922077263,1.20606257199873,0.171989629697452,0.107785526971981
5.86931107537575,0.662165209616331,0.733696789213795,0.563027124845124
1.34939426439804,2.73077407822121,0.917186637437526,0.167351109872552
4.18941516190932,1.35636738402595,0.061614717723705,0.186895608852022
0.498046404549306,2.03046397387867,0.370216988291173,0.165344791704316
1.8700502100836,0.126320191015233,0.702051247240844,0.501602890874673
2.61676591923232,0.574213789150614,0.343297009589442,0.719318356622265
2.40637462063725,0.462984474814207,0.598278651919091,0.378933415540112
5.30437499308623,0.715001983685867,0.29456183420898,0.233084869558388
0.16671518642301,1.29533977073682,0.278957361108128,0.425964799099036
1.34640459646455,0.781350318030417,1.05525840697987,0.130826630135849
4.22951993030256,0.816236693028444,1.10747982308245,0.0619329109045936
1.84192387718046,1.684755717108,0.281045467519431,0.0486610565148637
0.93362070008638,1.10668169607998,0.0844780427859324,0.21237430274227
1.72648227825538,0.707819761592429,0.657863276872937,0.663254348728694
1.6990130704195,1.88159070893261,0.532421643993078,0.56868079482703
2.89688070063865,1.77732512873198,0.415173663127311,1.22947531844596
5.75045964607061,0.83115147397736,0.632012666457697,0.370726623009707
3.19652724866372,0.866185059712791,0.168739599881999,0.790602873721537
1.04240576895257,0.136689792333215,0.886764259721897,0.795803347179584
0.731628250710823,0.757921601060124,0.25668372219423,0.442290754194888
3.18947062102812,0.245333668049301,0.776991902628953,0.590092740254816
0.257542382409761,0.759518431568296,1.31735881019101,0.665331153260743
2.32207767881813,1.20158138584787,0.415577640077976,0.783767234709534
2.41179975227735,1.9077482524176,0.880764763789421,0.428529451102953
2.82947667913249,1.89618667933515,0.608746357019009,0.593593462387903
1.63980405824506,1.2499292947936,0.734692831718611,0.233372881916473
1.55471528541175,0.821107255070431,0.712745385534211,0.23306764771919
1.71246545350762,0.0974236818505141,0.295583726372699,0.363017455590791
1.0502266638736,0.75683380203896,0.417429153107666,0.858903262217013
6.57782384552697,0.681630346620622,0.341284732837091,0.60549118738811
0.546889540268505,1.62454594033516,0.324875839821356,0.667355451958242
1.33595777006836,0.643020001256782,0.188165406719902,0.43173829966606
2.30402047950688,1.04620246384309,0.787104657814423,0.0961641127453728
3.28009766217374,1.10312774290344,0.384514613080387,0.326141159212051
1.03082022429278,0.383559048583147,0.773649911707664,2.00132682099037
0.663148516742388,0.184224733250767,0.992172079172713,0.262981707289131
1.35480519583198,1.65286201621822,0.343606499213156,0.116023675893355
0.174660279001911,0.59076527667484,0.37369394309354,0.26979537009072
3.0677451025454,0.747763860006421,0.346453358533564,0.455969803779407
2.72842498271736,0.880556437965455,1.37779970993755,1.11292443966534
4.66276867785423,0.846380662185954,0.387103879637764,0.193435238122259
4.31241313662887,0.606851306046102,0.653140610571912,0.034737760587348
1.24561996637784,0.896263915415497,0.619249378209795,0.0720870639757509
3.19085063708626,0.166740119566581,0.456134667016024,0.547914662600724
1.08324522255723,0.826000313834216,0.172359474116761,1.05075114564349
0.935903275218772,2.62710746051038,0.191954720063304,0.625175152088838
4.56328554393906,5.1122175242803,0.635708261353462,0.641846393314876
5.67684007144873,1.45717000054886,0.223067750314609,0.243107002301818
2.49965702037702,0.745630411322673,0.749702638098127,0.375151745324194
2.06786382084672,1.35197464969443,0.700716311990524,0.813770184457391
2.64953091715188,0.654840127929021,0.332279056799183,0.214959675465389
9.87028491287933,1.02409995457601,2.78723443648889,0.233927310463254
2.85791160400403,1.31014267041829,0.538409080824734,0.927757253022341
1.41529571110192,1.53024856218116,1.269502749883,0.814892300346511
2.63511646960536,0.275040882743302,0.312139830124431,0.401604284763886
0.382824249873058,1.50815101558178,0.574848840556857,0.759246305950922
1.72446256208096,1.56781991041798,0.379124677246904,1.01536213260818
1.6127426578423,0.253881886969588,0.978900360918016,0.342649302516173
1.2345042704509,0.639329290816016,0.229764927533423,0.147598088593861
0.42739850843918,0.844077152419597,0.970531943127419,0.275800981680227
0.915689967621113,0.308266497485145,0.48099690786501,0.321769612474386
3.06975749858267,0.576572923249256,0.394061996038532,0.107700122962178
2.17899243513488,1.73434394872464,0.287159523720707,0.81463469989327
1.15431859457807,1.36121364536875,1.01254042752281,0.889907472312454
1.45624865788998,0.393522511210641,1.16050468141044,0.289652322320489
0.165297700711948,1.13253872904342,0.909851066667491,1.02030615475001
0.545462176028516,0.486551642787133,0.476177701614299,0.50989247859208
0.279583136107112,0.972539815630626,0.247415048165854,0.256456165807162
4.57029950717261,0.787530465236326,1.20956104476892,0.371151992311082
1.03901183402454,2.71669983101338,0.68725606238939,0.233320663272402
1.37686089565367,1.76277491009759,0.556383034339579,0.712401081635335
0.657816192161165,2.22582698870565,0.476032426092944,0.193426676490146
1.30351389740321,1.03536325072546,0.575594415334527,0.570582065948407
4.16624147085388,0.726760903282078,0.451104743868638,0.412871510294364
0.928757774802532,0.482175653507004,1.89869845496518,0.284287679844094
0.529906888146419,1.25352247784966,1.38902418162032,0.0584975629765581
0.34275974228631,0.804166044885822,0.648866024109046,0.110590229597409
0.637938295305121,1.3922119847142,0.80478547330521,0.583388985021929
1.37832888020859,1.2712490565968,1.25978708177883,1.21352653074095
1.15298407541493,0.798702596554618,0.78913598262407,0.3880071828394
3.21931855433017,0.523541973914765,0.139328447346182,1.04177749896306
0.713737037786411,0.523719807062778,0.297869388497099,0.198851047592598
1.13101370125186,0.839647477229296,0.154447365924784,0.98915013198575
4.39581271461702,0.620463307055252,0.2797395239522,0.0423599223309531
1.33647691957196,0.295950145081951,1.46893510965696,0.146779096412621
0.947819617312328,0.841167334206394,0.524022175658458,0.373128689188677
0.544297533267388,0.2287724146068,0.0254657195484443,0.863059346703336
3.71180622560214,0.519667679779231,2.02810730892419,0.869581852554792
4.01467303897569,1.92361697233009,0.182614236794411,0.28944811674201
0.317853457986798,1.54983676997358,0.298326536920143,0.326121014797254
4.11292541756756,1.32111848578807,1.32584796587349,0.431981934743997
1.41904523547687,0.974389347177683,1.31919536643255,0.214115742232586
6.79718411955132,1.02264903563536,1.32926287009434,0.715931916561615
2.65832996200326,0.600300876641573,0.757258951544158,0.458987426466292
2.78396452161366,0.422977464882721,0.167008474684491,0.593568777487864
0.586665513161292,0.904730854236016,0.362224550392819,0.762936915893872
1.91162602421199,2.76932346774599,0.348757278238632,0.373250297136214
4.06758563466441,0.419308902703991,0.971793548904794,0.145682542550109
4.23477723531663,1.10651354746216,0.307503385883754,1.79891144249367
5.82113783982005,1.7193079848581,0.711319231074013,0.342884659112685
1.9220466940051,2.4661931455236,0.480468856957432,1.63469326496003
0.85622101096976,0.686279745201542,0.300016975187307,0.226437280766234
2.89774988670057,0.641411486103373,0.653649209165446,0.471988983478493
1.68680961293378,0.160487188358958,0.725647671939649,0.874062389458265
1.65526866143025,0.794380436861821,0.18218235841317,0.298815257786947
0.401787286405826,1.46552061195773,0.352689210025744,0.373236395418447
1.8374916031432,1.79383889202637,0.517874517716271,0.431799189917602
1.18717800801386,0.340097252701595,0.140142269160564,0.118403070769484
1.2101667618905,3.19535642391417,1.45297999097642,0.279922312756273
1.89551414688002,2.58487726635974,0.88094245350081,0.43137660421766
0.671421717507963,1.17891126387379,0.678459203554449,0.299205657533068
2.39005772101521,0.36996497676795,0.352157657064459,0.405404225620961
0.372459966574846,0.041975284367677,0.0404793303251786,1.03516286531677
0.121467995995329,0.917858744336166,0.419957300871246,0.261995955381904
5.68129952406052,0.901484061833249,1.70531047173467,0.548809206609478
1.53494155979897,0.49474693022547,0.0317223979268212,0.360200137318597
1.87855226558947,0.276409820265716,0.173937185697152,0.222409096542136
0.837048000460038,1.30917074264756,0.727600787686024,0.187244353192034
2.31154374736295,0.395097962108789,1.05205009923053,0.452636218318371
1.47943910225422,1.32870147366849,0.320272007237257,0.0197235709801994
3.49687386427584,0.243965672888062,0.846542176008009,0.897573969154619
0.466366777802124,0.437635700287848,0.139551762883401,0.516631607229447
0.886743538570092,0.552115350827075,0.166573808072211,0.90066161569966
0.8588800665059,1.29040071631072,0.966331288562946,1.16163329629356
4.21532200426104,2.10668617807336,0.585574777617949,0.204078050121586
2.25072917572478,1.91185806160736,0.594261401194552,0.64366867294242
1.27027830775513,0.324644325153037,0.678189326926653,0.47435474304825
0.620498956004262,0.874386048571724,0.19217895753465,1.90178044116688
0.347463432295737,0.442770014084073,1.42687718288581,0.719311142100928
0.779590167000076,0.635164169744117,0.114392846871551,0.561780985274145
1.14221944736349,1.18783525401961,0.0385738678793481,0.132355271187117
0.770918873804436,0.850280510438494,0.498507518111464,1.01224138116664
1.9483454241712,1.00347984981153,0.349616928828433,0.593019218454686
1.10676670127329,2.45669944070739,0.900966194363199,0.39446515493305
0.849984106361444,1.08348537809796,0.492687468462453,0.181361470394912
0.410388489927607,0.693389381762445,0.290713771778034,0.345216992055641
1.50468389302342,1.12098159266406,0.483061535553576,0.379071094652693
2.76486843927212,0.298405675404456,0.472755144368074,0.365165349568466
2.41523638543,0.760172725841562,1.00378547342041,0.929818814771659
1.27542376847452,0.712466829603054,0.898004115158886,0.693302818332523
1.06868926936992,1.37003634252948,1.25865861199946,0.313539673198549
1.25263541078476,0.738696181982284,0.0849433774070551,0.390800809530114
0.759066750913471,0.881213808568062,0.216012632807638,0.341880117804492
2.49623520463291,0.955360963998867,0.430402601192043,0.839209232721252
3.475379243995,0.846044402746231,0.710711586872802,0.477001437125047
1.46555200444096,0.477547596306867,0.858869796471128,0.72543813759354
0.61258273053244,1.10573768593654,0.207627891075172,0.134592432555784
5.89022919711998,0.741290700331512,1.26621227855109,1.6664218435954
5.88417112063877,0.916410605515375,0.712735842358818,0.425565660272954
1.54653763622738,0.268451305680413,0.172955836325774,0.470379841580985
3.52378590016675,0.305674021280641,1.25345475403404,0.291760203509956
1.0305000334106,1.15188659346319,0.625346848737617,0.169108629154719
0.277252348987928,0.77702273278633,0.75496762799848,0.523720169345526
1.97164537371491,0.656450205096985,1.2701662859983,0.372417672155158
0.391177275404185,1.18560452167024,0.465935387986215,0.724795289498766
0.835573200370753,0.378703235052688,0.992615635396672,0.0818043639581497
1.02803115783692,0.276691226456554,0.658323371955569,0.413178875169781
0.584529721536478,0.495826689045423,1.23872751483873,0.764423100958293
0.709050217144304,0.950690382982002,0.735334920540479,0.111426249653985
0.416906822639111,1.13426491587425,0.902445385763283,0.617061676749932
0.551679258842947,1.19043926233759,0.655499003202794,0.389831222054742
2.71144474107319,2.59254066447032,0.453844063797707,0.226336742633689
1.03175305813111,1.82386582064892,0.925278176476634,0.762471558782375
2.32337365460765,0.543339448595832,0.142970002665305,0.452986216322783
3.76256347321943,0.300445288254178,1.55422606687451,0.35582539103658
2.76749964562264,0.400557449446105,0.468761710152189,0.157092227661988
1.03899202793129,1.1252340346565,0.540093882649228,0.0744958344137124
1.80148037749616,1.23002383536286,0.802062705849011,0.444053907896315
0.42892650842232,0.205577454734039,1.61008513693712,0.117947044117208
3.01321052955659,0.623048408018411,0.197744303429325,0.519973441530312
2.16836238511014,1.16457692650424,0.457004762817446,0.376719544368839
0.956708912926443,1.1231128000185,0.816393746438825,0.259019843549534
3.44588598528104,0.388470039489812,1.84776106006576,0.297882334553826
1.04287062701598,1.28615204681517,0.291346984791262,0.18216346603996
4.33766976395097,1.53519689064988,0.650679365218005,0.556398532359894
0.231532253727855,0.472227433940985,0.0111479123661818,0.464574657070975
2.93784271192788,0.768209971223473,0.824433246946094,0.361905939065005
1.2807299664187,1.00498836234283,0.15512806697467,0.793177673542371
3.52818678212203,0.495091037360017,0.529046585049381,0.404244336514716
1.66304565090688,0.474497802804567,0.548005023460458,0.331348026047742
2.03448562874584,0.747326010753383,1.25628372608808,0.358774261994517
0.646052826946782,0.675516391391399,0.4451058805246,0.551511505806326
3.26846433014533,1.64471276294023,0.308213108802049,0.298403639684697
1.06006506354242,0.240828971105568,0.186927807625473,0.316176458783016
1.85900602698659,0.925217158571775,0.536179672309453,0.198895645907669
0.68091871765236,0.858892920538598,0.358431410649653,0.4598935925817
0.366442688490581,0.12563173422758,0.986972412366458,0.219942269720715
1.64554843166081,0.714604756874165,0.575927156429443,0.196778181515007
0.596069430785506,1.16744709607982,0.489820252294973,0.217132996469512
4.10303644361234,0.838063858063866,0.660228323204131,0.548206291892742
2.81373193181147,0.205719549248013,0.166189774933082,0.045365081423668
0.171251936717193,1.3062046802062,1.11052448019944,1.38033168685918
0.786503384171043,0.533925220866902,0.301119962392679,0.499454470549613
1.38748343784835,0.506432333965889,0.648928521530297,0.776074036995147
0.855379048704381,1.38938772456819,1.4320057316955,0.352893124278311
0.223629046836013,0.646844096742539,1.28424031442366,0.502802196729955
2.45065429853631,0.445286626013364,1.00177729293405,1.25459175280993
0.63519938396994,1.10611856788522,1.07809514025617,0.831731597635721
3.567602442606,0.847124194742723,0.277473914791899,0.494749909408135
0.884998767636733,0.688666158209517,0.689541180812578,0.71559714346685
2.877630100355,1.11149181361054,0.915374568166003,0.234866787119179
1.148753127111,0.478434716186265,0.612870298225944,0.695041411461291
2.6005532177618,0.787958148658263,0.334794810546358,1.61235404725419
1.07322648370467,0.624872852811361,0.746355230138971,0.145390607457752
1.21304828126693,2.06460823356626,0.501872726246927,0.895596264659797
3.48794001736977,1.36536145886812,0.195836397201691,0.43062343093854
1.47386836511653,1.2767923825684,0.622876425446431,0.336493065713642
3.43236796372568,1.54043144391423,0.586140601052346,0.175751408116359
3.84293647016225,0.704954940666094,0.417941489545012,0.757537684546429
1.35302396517791,1.92119546341214,0.75694827075165,0.509975472329454
1.04716398351021,0.831597928453893,1.23633240954196,0.982282882084514
0.577931498855269,0.576870126196278,0.99209264906002,0.643645307680108
0.919877908967853,1.57699123488692,2.05779603647834,1.07472953726568
2.58393472040424,0.592941891780555,0.833195845959339,0.391120991762992
0.688578668257662,0.922669449315003,0.14619415751992,0.269793659698071
1.07714924008494,0.874169251391201,0.440681053415081,0.130852144515044
1.02023954582054,0.42204569164627,1.01305941731092,0.366180911898681
2.47880675277551,0.774489719970054,0.496016327686371,0.675016088239434
0.260183722660868,0.537544526052519,1.19050095313814,0.0954437153531175
1.87960803756127,1.90624794598566,0.209463699586954,0.358512257661577
1.03660842057756,1.78556952431845,0.996772328672939,0.39564514857693
2.01281807174382,0.197562676707756,0.483603689681787,0.820670604215725
5.72392265302945,0.155399487020655,0.5355899764106,0.219842257490586
1.04107498025439,1.42233317661087,0.371796659558457,0.23429233696911
1.82815008546274,1.2158667175826,1.01298121984062,0.366435050536801
1.39505394857726,0.976080770853887,0.121474286182173,0.629194810370948
0.474988754157463,0.769394985070169,0.340075877759994,0.493528310157597
2.69297588704636,1.17336278515859,0.691885368433621,1.30817913478238
2.20746558755593,0.622516176991816,0.188112597025545,0.567970829645591
0.963620042695728,1.5961135405644,0.388222492701943,0.508829685323846
1.87050181878102,0.368655440186935,0.928002807569216,0.235970058395552
3.32575351018743,1.55960590319362,0.739383598940674,0.710852475692815
0.674514026470974,2.11971923447876,0.494629794363078,0.593511347143999
1.91513071797404,0.571274059523887,0.776689078561891,0.258230214383995
7.54998504659564,1.13199784913986,0.291503156395755,0.117665866178078
0.634781762842665,0.219128194120256,1.13795423503864,0.22181545720769
1.76391123420705,1.21598088615123,0.559064296084692,0.4799718491673
0.885897722428287,0.203743391943282,0.14601068222063,0.0138784699397588
1.75380330988646,0.316751350565748,0.527685199816419,0.192798504600692
1.72370275648584,0.103513289628968,0.623135603823564,0.268972209658905
0.501953960258081,1.35544643469977,0.292580930633504,0.358420129250095
0.450834589649296,0.732031097682058,0.923379856530748,1.01294146929235
1.7179398115887,1.04193504654853,0.697347713261789,0.557312848060931
0.959125287878601,1.36976305946624,1.03560480303055,0.537823494624938
0.895944352493465,1.56893081621147,0.238328744620629,0.651460283304366
2.86290036682974,2.66945652508762,0.362529811303552,0.961233634554405
2.193554031179,2.11013218134932,0.312559834605802,0.553930002288182
3.09702956490226,0.55521783651613,0.468966475741314,0.856297806625759
4.36402081306348,1.10116309831579,0.362310406830415,0.575020315026448
3.3167110262086,0.626394181559776,0.689435367960118,0.412209413464907
3.1730345845653,0.126019622946549,0.0789522660128095,0.108809847721416
1.11105476234792,1.70016933714895,0.207709937285589,0.136443599209447
2.17993423580079,1.40115584701468,0.196197827976649,1.48800881311187
1.63416385238311,0.814801037532322,0.608502051034251,1.49006159171611
1.71276848261874,0.897518224597254,0.129146470982501,0.674321511164335
2.03175646098667,0.731045632847385,0.573633177269262,0.787432895212776
3.15727540375486,1.56761558111721,0.697355789658609,0.126044465375865
4.17994316806832,0.517371582223832,0.847099640095169,0.348156044313274
5.61274649804893,1.19861674678439,0.520017989957567,0.679012657266739
2.91881122638599,0.247112293277122,1.43437733299119,0.438122099866094
0.768474675596261,2.3947658078345,0.393509641644559,0.383631932968742
3.96652407444488,0.44243314356209,0.211551215166136,0.172775807943127
1.39821014423914,1.8125339255834,0.504777828830828,0.730986035554753
1.20293720602431,0.378973681606481,0.650589604708251,0.427605526616578
3.36414427021137,0.808369198664988,0.223229063973989,0.300168853158319
0.427005970547233,0.472933247651237,1.07058889341322,1.11375170158668
0.760586537536101,0.852866785104056,0.301218443858036,1.07982147143611
2.89028644986151,2.07308786075817,0.661860223826778,0.0393140090970623
0.89093240340435,0.255917412313207,0.738119589572984,0.638319933597227
3.25776262511182,0.326074969324677,0.755522418842236,0.206531003180524
0.567078437587315,0.465742964494029,0.354631329594272,0.523495305715138
0.540270378177833,1.17293032291915,0.356952947662353,0.724483250011176
1.54687180569568,0.504284977102391,0.546458228523772,0.537755445999274
0.657671896087205,1.92763348421418,0.706120324005149,0.36869827371417
0.441889720904673,1.26428796969954,0.263786553045454,1.01843609116547
2.48435552608387,2.57130230165364,0.187568149518017,0.589908089590816
1.32031275619641,0.405646109984974,1.53523107998832,0.484255149899666
1.62350867856871,0.661395815942103,0.357167999535087,0.302132377093198
1.99188807043174,1.06843214813331,1.1771657706095,1.06071096877604
3.68633718247696,0.629676937737129,0.534420149878544,0.569781597857903
2.4180824607463,0.878815477037439,0.962944163102504,0.569986053235857
0.929845186196791,1.33476252793092,0.803408470913814,0.104740379915236
0.445352302306246,1.3018985679951,0.580032992984793,0.764531264075488
1.54073001280978,0.72062376156852,0.28945438423835,0.668281406936279
3.12366009678475,0.169003778947884,0.18100119576007,0.171670765340801
1.00927473451663,1.05391405382575,0.277246176424547,0.596041246495944
1.29641519051286,1.05268034813406,0.312677655117792,0.350403811806784
0.654192312414862,1.70417936775629,1.03857507524811,0.406518687899358
1.25052139009827,0.966678935204964,1.70943411915626,0.249647241098661
2.45838187757322,1.29397658868265,0.663702219529914,0.973348732798585
2.43789811621677,0.812952593562008,0.339468765838388,1.3844376338945
0.548519701180943,0.252003259015786,0.927167516430417,1.38681623663175
0.803332600295543,0.584192433003676,0.102206387337318,0.910377053687934
4.30020070001025,0.32573076389766,0.415302771476759,0.268681013835324
1.79985490144046,0.311562715636799,1.52471917115429,0.1666357845282
0.363742883676094,0.48057681795693,1.25585287027251,0.990002265131281
0.668092250026615,0.99403276264981,0.826823917574765,0.877563635829928
3.84111447731037,0.150599452083584,0.111789633367946,0.296504934760297
1.58667328566009,0.931794804435429,0.205401426793588,0.392729343891993
1.77818708413093,0.939073832373796,0.407413500687263,1.01457621754228
0.693558586689922,0.535547950221466,0.565800862801412,0.133243495901033
3.27394484915253,2.58744581525733,1.54711221165977,0.872552529875949
0.520491427764111,2.49216267184803,0.272588549947176,1.11992886658389
1.81251214446154,0.774030928618494,1.87553030597384,0.0685679784239574
3.55665499881996,0.516099493352061,0.789344691516851,0.166181515816735
5.81577003739599,0.433933990591288,0.30589802922636,0.936130835023891
1.39837187090277,1.19707238684534,0.735118771819187,0.495323037230382
3.71048962891856,0.812121417992888,0.51418407593974,0.399215735146236
1.93133464566559,0.384941658632245,0.476280139812022,1.34363607645091
1.95629810291199,0.639537542817145,0.283362094458793,0.191013573300359
2.09280940838998,2.506160619197,0.669014447360086,0.0876090078725991
2.27195058070222,0.427980308981485,1.85810078145964,0.664921734270242
3.68019194416728,2.2034144788479,0.246956002287294,0.0368866297757094
1.03629586491218,0.35642514904,0.419709959325667,0.675834020285764
1.85622481245768,1.86827477237789,0.516807480620516,0.22695072882533
3.72346707529581,0.666871593637892,0.845989418039306,0.573777434756966
3.59635268219545,1.34868807380698,0.0705474622999156,0.0846894786048569
2.69665084799538,1.73933770023792,0.610904555665871,0.552842051918353
6.24998150120793,1.3207251240625,0.295181957583965,0.186031725621689
0.693618078056881,0.207666636942539,1.8138573089054,0.268124907354136
0.833584891585561,0.975021292149893,2.13100996967337,0.220987011495201
0.295027270597772,0.15569973989473,1.33446980539115,0.751531722320874
2.65633458554754,0.865181542350562,0.851098921304686,0.495620519090632
3.53887962174047,0.952141640337237,0.53358505749379,0.0985238347096607
3.09631193792199,0.385059029168207,0.378823557415346,0.55317588852152
1.16149270661695,2.29473377604257,0.407078830307121,0.134128447664977
2.13472649103428,0.203635474054286,1.10046501090551,0.777202910500145
0.282303464247781,1.42867987346395,0.753183848403452,0.230901601518086
3.08970931518202,1.01942803320721,0.348711469469741,0.906954318816916
2.2800307328735,0.858193367359399,0.424120470506993,0.597980528219996
4.75290664216765,0.260813588323751,1.29248786639444,0.214512597034854
0.7234756759333,0.298289995048406,0.482144017647371,0.118087306727559
3.9303308690447,0.202184107210444,1.0425958235409,0.25223032179609
1.68182230673972,0.765150761419273,0.080990952062346,0.609152654964221
1.74101481061917,1.08956796971722,0.0879101725030401,0.255792128295515
2.4757094090078,0.444188430682277,1.02928432144326,1.36294271827335
1.0454785226563,0.911577862469458,0.412025121316674,0.378414943993622
1.17221672458466,0.338998088031702,0.850079048546202,0.378837421879562
4.36727989466475,0.458074932174553,0.158375158698552,0.176235966401684
0.980162175171482,0.844030640972488,0.266221026491374,0.26529042853804
2.07260796006849,1.00286721568018,0.862508209821526,0.324837074958597
0.772223329440699,0.891806835704831,0.343092459745182,0.271954873208876
4.27425475064539,0.502711714437408,0.792851957958677,0.435539964365539
4.24649591532469,0.373949341777358,0.560118737939773,0.596945689448057
2.10144682261493,1.85378394719096,1.27709091598184,0.244504510947815
1.35665974752416,1.36895289278218,0.549390458666707,0.274321672025307
1.86436934432427,2.41654014861441,0.436332604618005,0.782149433906283
0.771603233814364,0.913120045535924,0.615187697009707,0.174602299367822
2.17015022102852,0.618700192641996,0.59384867204309,0.548192449402211
1.52394269670144,0.205999218014398,0.629729008819353,0.272557355612613
0.887150365046221,0.378811794284463,0.733325239527537,0.459152509522912
0.525437043163544,1.02745877893752,0.976941609803476,0.465051961843743
0.115117219865836,0.161749614008446,0.366362262016081,1.22640200759519
1.64178956397458,1.13617849898114,0.478002608763476,0.518536698792506
2.46108386535296,1.0625517355619,0.726870453464084,0.294916100297326
1.74160688659305,1.10336918833808,0.809599624293989,0.562546658893193
1.91976767905442,0.352248596854254,0.420828314898916,0.276379638421598
0.464834719524581,0.457357204274367,1.04702200997671,0.0880743188416661
1.6927284805448,0.177190379401306,1.78529085242616,0.3562190588246
0.428314743364812,1.19815387340522,0.910413289985525,0.165838824207202
1.222130634255,0.877431327570724,0.670029834978167,1.00427775690439
2.94692614607555,1.08217289759268,0.736388300162137,0.344470754992022
0.300709637700119,0.697627624204474,0.658821711601328,0.425161862108337
0.851519112119082,2.63700178748242,1.15580570317813,0.573211439095549
1.25418179275214,1.26530585444095,0.481546064032346,0.557700560348648
0.533514821771063,0.63922156591607,0.371665334876051,0.338988195810523
1.30336986362485,1.11414980181495,0.270235253840088,0.538700467427157
2.58129813253887,1.86428059403397,0.470375023854708,0.959705460902023
4.40018595530753,2.44071559526716,0.191470193020834,0.311470207430561
1.83773103572322,0.955210493711077,1.80323731978122,0.588855972228056
1.36966339426175,0.785562800066963,1.85534898478762,0.558559303339361
1.81618186593117,0.865217686652709,1.96465262909021,0.689927991481253
5.52434966280544,1.17304025748561,0.805775047539078,1.15472441309524
0.710569561917957,0.421003213515924,0.95235158647978,0.492992907629847
0.0866828947375062,0.573334519850338,0.655037789690728,0.736137575479892
1.08995575644698,0.818657143283201,0.944732623382718,0.751064628793307
3.02280933509633,0.805598434844944,0.228389766958682,0.697395693957705
3.92818439704494,1.23402373265082,0.477213392406626,0.514472911437582
1.6402613801331,1.19707234438071,0.662147007640626,0.916614976371815
4.61289127170113,2.01291632536024,0.459936614198638,0.595196464199659
3.79451420989571,0.402429587271078,0.535597107946655,0.183745557347746
3.55101955419954,1.7694247712671,0.198652908970984,0.479481769294056
1.50416026267665,0.839921401537153,1.1677475021719,0.324851097521971
1.75841666279164,0.13031993080513,1.12798079971295,0.336837134318677
0.974302374732467,0.630792264214017,0.689361109637001,0.162343627114697
0.655852272523565,0.852213121099595,0.684905073642772,0.783436873262605
5.22440639811577,0.912762268630819,0.235633963228366,0.33167537879892
0.988807474802661,2.11108843020459,1.61420261594624,1.97976068843437
0.836552745789099,0.86073600200072,0.821362653941934,0.425812168084381
1.35271811200806,1.45293898261315,0.704523136209318,0.136171075204875
3.63742814135869,1.07567867925089,0.64762415141494,0.539972875350789
1.87263563691769,4.13434702268736,0.418527998995342,0.361814580920737
3.47005324348935,0.282574380281142,0.624648968430144,0.376686929863108
4.39680546583374,0.842250511671401,0.746002208031451,0.832277915507359
2.28954026432692,0.838217938652084,0.161909517344799,0.822860512261912
2.22602052348843,0.333592103428802,1.70274000955304,0.472106012551046
2.18360918323187,0.235009696229977,0.333987104514103,0.384354507424348
1.43803343233508,1.06735288725223,0.180814708740818,0.109957634797777
2.56796667926471,1.30931520268464,0.693019499198186,0.411362066601147
2.28727131627182,3.17705553110605,1.23320036493084,0.715448221770488
1.73707904847603,0.915106637462358,0.922527866113453,0.127436512920826
2.21128990853064,1.07917697540156,0.117264355539409,0.316334796332573
0.992567721889879,0.652886655800214,0.171447707963494,1.01182181381913
1.21217494415881,1.28670814014137,1.66919099988494,0.264345372963225
0.452226114798698,0.526344296334069,1.58723494896322,0.861468105213631
2.64253938097905,0.194913467560437,1.00994895229338,0.216763874835439
1.01440205801448,0.278396531284844,0.622466807508956,0.304773127259543
1.53097531039611,0.827955834155698,0.705112898466078,0.523933378284671
1.41376396586287,0.695335499416089,0.22800513591687,0.621445641292705
2.0190676212577,1.48189590964263,0.487992301881624,1.03536693762914
1.50858846781793,0.277075513562169,0.378125515058203,0.325543746995873
1.21128608497374,0.619646803370019,0.392441263910921,2.57358525704354
1.75816729067538,0.148501793021799,0.403846259830958,0.269187620580317
1.19763733910422,2.45730482803432,0.510736124297426,0.37299484098838
1.91173555708189,0.4136599770287,1.50988316451481,1.84018392467041
1.86218796318803,1.46456043187211,0.108617196263335,0.483847598638799
2.78578719030286,1.22420730069784,1.6443464619748,0.315405404082067
1.63669053674281,0.0705614456657617,0.526903854035813,0.160076947983665
2.38244706162246,0.497571802271645,0.616517487608836,0.7827629310634
1.06766224573971,0.499871844588713,0.384840008788809,0.233548172199072
2.07193138880243,1.20623324567652,0.643012897587872,0.634628305034503
0.222377131421637,1.44548505436686,0.728478131022698,0.615703054847282
2.33661089438754,0.887111412732198,1.15284946598092,0.311323880622531
1.36451595634477,0.921433687549869,0.647787431472186,0.307429030743887
0.825439331135392,0.951939652109326,0.292759378958435,0.0750838857127117
3.1696811696774,1.28406027629285,1.73196805642548,0.510940059432012
2.0325931316511,0.335297309826554,0.935791120565193,1.24331197175093
1.57983908436146,0.021493273634887,0.577784402494228,0.416351213701279
1.3737796073474,0.676601497958056,0.749154472748084,0.811566920551569
4.08644488124732,0.982872457215124,0.072945050829929,0.935277989152053
0.892956797431155,2.29255253417548,0.396818985386708,0.0130681580091867
1.35346919476121,1.89463014915467,0.435000222814208,1.19863402049261
2.87450183541687,0.634671772650215,1.48224183950079,0.361058571986012
1.50406054542532,1.53377306412147,0.250259994327186,0.724977634856969
2.70122267767769,4.15755556021643,0.846035939280519,0.557009579766463
1.36151050192926,1.10503812544434,0.544355846248865,0.234547898484928
3.78318923217229,1.12547800237524,0.059066768214328,0.585841715849703
1.75206274454834,1.24406427065374,1.62432002670006,0.596849564967298
4.25361159559379,0.35150887378141,0.933353345946364,0.47856748868659
1.20180864812593,0.747699868566542,1.56560865419436,0.372844428678421
1.32520000632096,0.290685665470204,1.24991678464834,0.217630097821448
0.99506190037372,1.4694406935406,0.17429229784338,0.0323361991290212
3.33699342246473,0.930456218939159,0.451317017350302,0.297454893491786
1.87994509153337,0.905304824590466,0.24076815053407,0.478007428767925
1.3285949853647,2.15639589125816,0.252282208922402,0.199217937294214
0.592371337170103,0.443922317500173,0.404957568887999,0.407842464439214
2.56122692079045,2.61697816614403,0.16495209171984,0.126694544044983
0.162670686031228,0.92992144553275,0.851160425809859,0.391440733329667
1.0903109499428,1.17031956346568,0.438431211912014,0.367101504995047
2.99253908272277,0.206006232291013,0.283859311739281,0.185634976384923
0.661111775328598,0.487173291737063,0.323031255406082,0.190174623757767
2.13998670845769,0.209668463357845,0.105089557999895,0.201509896720259
2.97290254801798,0.513644613263061,0.295429540771827,0.465182646447973
2.36652423152217,2.56348797589927,0.577308479380312,1.66679131919527
2.28351319256222,0.821868252316114,0.106230728045751,0.400719469603793
2.34114505178854,0.0504400021315517,0.828874095597542,0.845892126518205
0.596336609751668,0.983645694074479,0.102176817525181,0.382427750534884
4.20307416681012,0.422525912342805,0.492322629611126,1.19691572724761
1.72538829668565,0.25813339694317,0.333152165817492,0.50157000053929
5.86508194162348,0.808324100617496,0.598830043192699,1.24244023630702
3.22224964659879,2.65492761166307,0.307822000212936,0.409468510865029
0.820933206257135,0.483071878440693,0.202594222523439,0.317850492179372
3.55412071274344,0.456245467222313,0.742900750835522,0.613387416930946
3.05251104138872,0.981590369756332,0.42779880064254,0.838035736930615
1.94606567824243,0.836391886219582,0.397325405973276,0.94483701645615
1.38040590392372,0.191811886846811,0.957906080283924,0.841626904104597
3.31068579142708,0.429839439693886,0.312025848706993,0.220925849223828
2.91376795586481,0.858848825604543,0.196797071905824,0.169829557172674
7.77147715094323,1.27130440373191,0.572236573120953,0.144090257923772
1.05337352776023,1.7638434480163,0.563839341776402,0.588075692127477
2.13332059831553,0.201064054317273,1.18304925413559,0.449555611975732
3.46447345841875,0.70020652616378,0.897091935806677,0.046546936097333
1.50727465274268,0.863880269520951,0.440704315737894,0.488523248725334
2.31801534586645,0.548067173833736,0.513597230656609,0.497770619575762
1.63904225858548,1.2175839962367,0.942818842299246,0.326597569193945
1.38844557767252,1.38572840943681,0.87413415749765,0.0904241190366306
1.6449597678753,1.44998236226269,0.528058918351076,0.8897615399701
0.151941844938342,0.788692690974197,0.569533413940473,0.593023517344475
5.1615857522729,1.36918420686039,0.467020553910431,0.249976765922476
4.90337368896093,1.05436004966663,0.909247267673175,0.277986341339327
3.76090222569845,0.715364624104905,0.544969131903876,0.362048368967964
1.71123533435802,0.302352275705407,0.873658506839895,0.645661777225251
2.18348585662769,0.197582673323138,0.40478386027109,1.26158323197078
1.21619272872661,0.136148741594039,0.225539376705542,0.293599463601396
2.99536233562794,1.18700160114329,0.429762671027455,0.813659184781367
3.24343578239781,1.06541689779961,0.498145742533672,0.43303281525781
4.59388209416363,1.02862989171295,0.217029365231965,0.0562218393067576
0.496579675289139,0.204294827613708,0.482660267068179,0.549542639502945
1.5333901504392,1.78575561539765,0.130806807275065,0.594408840071648
2.1022133568825,0.425536257345221,1.14665036532265,0.133220237712995
0.602619673628627,0.252213318567133,1.13062422671131,0.912027524060255
3.42775904274262,1.10465239771271,0.321854985992693,0.479886166068738
0.587726025539342,1.44242292958951,1.11431264650131,0.36757709511306
4.4347836078902,0.0473110490030271,0.378608590539243,0.691572547798549
0.744908933712763,0.852621757726292,0.500392183154001,0.256579538682643
2.9466745410211,0.214535458971604,1.5894736279956,0.277471015329959
0.674544004761048,0.112510416185999,1.0100792763474,0.55787320430435
3.75471825491918,0.384516600144274,1.45101895149501,1.63347254618783
0.96618312678463,0.161349425096227,0.508629235554485,0.212222395830557
0.89748920074953,0.701256640614207,1.84223603022936,0.176144775272962
0.525344306283476,0.633500261962523,0.0697245335661976,0.919451448489177
2.2140257053396,2.86224816458038,0.458959550519121,0.507598118055
1.44314122566973,0.131003344898472,0.844284752123977,0.268810119511168
1.95014636859792,1.21985253526835,1.22084209406311,0.0530141189549675
2.54492617953885,0.472695144682475,0.209506879730405,0.29643885501614
2.77443689796435,0.52717311355641,0.181573963292952,0.352872270413132
0.593446384415626,1.2480461434158,0.138693964795244,0.277154980930677
2.37963633597705,0.220359246105187,0.286928693901732,0.357358706563433
1.08095950164633,0.436472127375288,0.188411643813341,0.591112877060197
4.22006789480349,0.305928928783629,0.42453925375409,0.386933579284209
1.89945995347611,0.298606704784696,0.349187170176033,0.245055526193371
1.18048818320256,0.272054710262539,0.991057926889862,0.397777843907788
3.21625171439126,0.283419525459005,0.0503169849761243,0.532956538931436
1.56521275813133,0.245077644698146,0.383760347716392,0.907874435607812
1.06373657818257,1.25226096009562,0.467488920573117,0.667357499984702
0.955969872990379,0.958724952885471,0.288275461806588,0.548764088496566
1.74179706954229,1.15766896309137,0.359768238685773,0.8480794696641
2.24631905477865,1.47753481405761,0.639934185980706,0.33340522624726
2.28767288110596,0.191267946130639,1.81916863365847,0.620339523337172
1.41814101755338,0.728000717345759,0.444723135133335,0.145528718746875
0.726729071935566,0.387123544472801,0.253252043599868,0.243728198158261
4.39523273234279,2.35357358499127,0.0165154753688568,0.523166393373204
0.376503749963758,1.11100073505221,0.600288989973769,1.29215950232612
0.626762038319142,0.381724932287344,0.323858232053714,0.312492643682298
0.977757531212641,0.352994023213521,0.168601578051558,0.646445491526505
2.24820202275262,1.03952604525811,0.249570443045611,0.323570265132496
4.69733581744033,0.46643679147962,1.04056662914539,0.901961688725061
3.17554884270593,0.696268942367198,0.299686071347165,0.260930716936382
1.03037148248038,0.441908998658185,0.7826861830281,0.303411130819475
2.21721971548577,0.568990264961389,0.490925890095025,0.417794579996941
2.10321447529189,2.16089204018333,0.528785779145779,0.300027936122094
1.5495461307311,0.806984033781469,0.70439602930551,0.718100725067428
1.52671172854053,0.525905319223462,0.226580756256713,0.689093933942508
2.78699000066526,0.212598356877862,0.660478788706634,0.135707697276426
0.690989710058877,0.367008623877927,0.102337753032793,0.249361146909245
0.711827683414113,0.487584156959477,1.25825952690639,0.570376544992342
0.879542596023779,1.45505370845759,0.146074915727489,0.102672745254017
3.79858967076587,0.337103590695091,0.258980952559419,1.80309514547431
2.19372156010831,0.845351575161428,0.719920651684161,0.287374791138828
3.74087423351274,0.704811819464968,0.274522137474486,0.70540156324865
2.09234886142553,0.999273807231095,0.379794910919974,0.237408967096734
4.27242368818887,2.97984112264729,0.11587089214826,0.587148219704315
